{"square":{"Vertices":[-0.7029629516601563,0.4854629516601563,-0.8462962849934896,0.4854629516601563,-0.8462962849934896,0.6287962849934896,-0.7029629516601563,0.6287962849934896],"Colors":[]},"rectangle":{"Vertices":[-0.4262962849934896,0.31546295166015625,0.420370381673177,0.31546295166015625,0.420370381673177,-0.2778703816731771,-0.4262962849934896,-0.2778703816731771],"Colors":[]},"lines":{"Vertices":[-0.7896296183268229,0.4854629516601563,-0.7896296183268229,-0.2845370483398437,-0.999629618326823,-0.2712037150065105,0.9937037150065104,-0.2745370483398437],"Colors":[0.43529411764705883,0.26666666666666666,0.26666666666666666,0.43529411764705883,0.26666666666666666,0.26666666666666666,0.43529411764705883,0.26666666666666666,0.26666666666666666,0.43529411764705883,0.26666666666666666,0.26666666666666666]},"polygon":{"Vertices":[0.013703715006510464,0.8354629516601563,-0.7096296183268229,0.31546295166015625,0.7437037150065104,0.29546295166015624],"Colors":[0.43529411764705883,0.26666666666666666,0.26666666666666666,0.43529411764705883,0.26666666666666666,0.26666666666666666,0.43529411764705883,0.26666666666666666,0.26666666666666666],"offset":[0]}}